INSERT INTO specification_body (id, content) VALUES ('21', '78863') ;
INSERT INTO specification_body (id, content) VALUES ('0', '1.8 kg') ;
INSERT INTO specification_body (id, content) VALUES ('1', '522 g') ;
INSERT INTO specification_body (id, content) VALUES ('2', '2 kg') ;
INSERT INTO specification_body (id, content) VALUES ('3', '862 g') ;
INSERT INTO specification_body (id, content) VALUES ('4', '721 g') ;
INSERT INTO specification_body (id, content) VALUES ('5', '1.3 kg') ;
INSERT INTO specification_body (id, content) VALUES ('6', '540 g') ;
INSERT INTO specification_body (id, content) VALUES ('7', '259 g') ;
INSERT INTO specification_body (id, content) VALUES ('8', '1.4 kg') ;
INSERT INTO specification_body (id, content) VALUES ('9', '1 kg') ;
INSERT INTO specification_body (id, content) VALUES ('10', '780 g') ;
INSERT INTO specification_body (id, content) VALUES ('11', '640 g') ;
INSERT INTO specification_body (id, content) VALUES ('12', '1.1 kg') ;
INSERT INTO specification_body (id, content) VALUES ('13', 'b2m-00008') ;
INSERT INTO specification_body (id, content) VALUES ('14', '580-adgv') ;
INSERT INTO specification_body (id, content) VALUES ('15', 'l5v-00006') ;
INSERT INTO specification_body (id, content) VALUES ('16', '920-003082') ;
INSERT INTO specification_body (id, content) VALUES ('17', 'ws2-00003') ;
INSERT INTO specification_body (id, content) VALUES ('18', 'n9z-00006') ;
INSERT INTO specification_body (id, content) VALUES ('19', '920-004523') ;
INSERT INTO specification_body (id, content) VALUES ('20', 'g213') ;
INSERT INTO specification_body (id, content) VALUES ('22', '920-007143') ;
INSERT INTO specification_body (id, content) VALUES ('23', '920-008041') ;
INSERT INTO specification_body (id, content) VALUES ('24', 'anb-00006') ;
INSERT INTO specification_body (id, content) VALUES ('25', '920-002524') ;
INSERT INTO specification_body (id, content) VALUES ('26', 'k380') ;
INSERT INTO specification_body (id, content) VALUES ('27', 'm7j-00020') ;
INSERT INTO specification_body (id, content) VALUES ('28', 'microsoft') ;
INSERT INTO specification_body (id, content) VALUES ('29', 'dell') ;
INSERT INTO specification_body (id, content) VALUES ('30', 'logitech') ;
INSERT INTO specification_body (id, content) VALUES ('31', 'victsing') ;
INSERT INTO specification_body (id, content) VALUES ('32', 'tecknet') ;
INSERT INTO specification_body (id, content) VALUES ('33', 'perixx') ;
INSERT INTO specification_body (id, content) VALUES ('34', '60 mb') ;
INSERT INTO specification_body (id, content) VALUES ('35', 'windows 2000, xp p, h, mc, tablet pce^mac os x 10.1.x-10.3.x mac os x 10.0') ;
INSERT INTO specification_body (id, content) VALUES ('36', 'windows xp^windows vista^windows 7') ;
INSERT INTO specification_body (id, content) VALUES ('37', 'windows xp, vista, 7, 8, 10 and later chrome os') ;
INSERT INTO specification_body (id, content) VALUES ('38', 'windows 10/windows 8/windows 8.1/windows 7/windows rt 8.1/windows rt 8') ;
INSERT INTO specification_body (id, content) VALUES ('39', 'windows xp/vista/7^linux 2.6+') ;
INSERT INTO specification_body (id, content) VALUES ('86', '1 jan. 2001') ;
INSERT INTO specification_body (id, content) VALUES ('87', '15 july 2015') ;
INSERT INTO specification_body (id, content) VALUES ('88', '1 jan. 2010') ;
INSERT INTO specification_body (id, content) VALUES ('89', '14 feb. 2017') ;
INSERT INTO specification_body (id, content) VALUES ('90', '2 sept. 2016') ;
INSERT INTO specification_body (id, content) VALUES ('91', '25 jan. 2019') ;
INSERT INTO specification_body (id, content) VALUES ('92', '18 mar. 2015') ;
INSERT INTO specification_body (id, content) VALUES ('93', '1 jan. 2015') ;
INSERT INTO specification_body (id, content) VALUES ('94', '1 oct. 2017') ;
INSERT INTO specification_body (id, content) VALUES ('95', '29 jun. 2016') ;
INSERT INTO specification_body (id, content) VALUES ('96', '23 feb. 2009') ;
INSERT INTO specification_body (id, content) VALUES ('97', '3 sept. 2015') ;
INSERT INTO specification_body (id, content) VALUES ('98', '10 oct. 2016') ;
INSERT INTO specification_body (id, content) VALUES ('79', 'curved') ;
INSERT INTO specification_body (id, content) VALUES ('80', 'standard') ;
INSERT INTO specification_body (id, content) VALUES ('81', 'mini') ;
INSERT INTO specification_body (id, content) VALUES ('82', 'black') ;
INSERT INTO specification_body (id, content) VALUES ('83', 'monotone') ;
INSERT INTO specification_body (id, content) VALUES ('84', 'white') ;
INSERT INTO specification_body (id, content) VALUES ('85', 'dark grey/white') ;

INSERT INTO specification_header (id, name) VALUES ('0', 'weight') ;
INSERT INTO specification_header (id, name) VALUES ('1', 'model') ;
INSERT INTO specification_header (id, name) VALUES ('2', 'brand') ;
INSERT INTO specification_header (id, name) VALUES ('3', 'isbn-10') ;
INSERT INTO specification_header (id, name) VALUES ('4', 'isbn-13') ;
INSERT INTO specification_header (id, name) VALUES ('5', 'language') ;
INSERT INTO specification_header (id, name) VALUES ('6', 'publisher') ;
INSERT INTO specification_header (id, name) VALUES ('7', 'no_pages') ;
INSERT INTO specification_header (id, name) VALUES ('8', 'cpu') ;
INSERT INTO specification_header (id, name) VALUES ('9', 'cpu_brand') ;
INSERT INTO specification_header (id, name) VALUES ('10', 'cpu_count') ;
INSERT INTO specification_header (id, name) VALUES ('11', 'gpu') ;
INSERT INTO specification_header (id, name) VALUES ('12', 'hdd_size') ;
INSERT INTO specification_header (id, name) VALUES ('13', 'hdd_tech') ;
INSERT INTO specification_header (id, name) VALUES ('14', 'ram') ;
INSERT INTO specification_header (id, name) VALUES ('15', 'os') ;
INSERT INTO specification_header (id, name) VALUES ('16', 'screen_size') ;
INSERT INTO specification_header (id, name) VALUES ('17', 'screen_resolution') ;
INSERT INTO specification_header (id, name) VALUES ('18', 'disc_number') ;
INSERT INTO specification_header (id, name) VALUES ('19', 'label') ;
INSERT INTO specification_header (id, name) VALUES ('26', 'release_date') ;
INSERT INTO specification_header (id, name) VALUES ('23', 'media') ;
INSERT INTO specification_header (id, name) VALUES ('24', 'form_factor') ;
INSERT INTO specification_header (id, name) VALUES ('25', 'color') ;
INSERT INTO specification_header (id, name) VALUES ('27', 'backlight') ;

INSERT INTO specification (id,id_specification_header, id_specification_body) VALUES (1, '2', '28') ;
INSERT INTO specification (id,id_specification_header, id_specification_body) VALUES (2, '1', '13') ;
INSERT INTO specification (id,id_specification_header, id_specification_body) VALUES (3, '25', '82') ;
INSERT INTO specification (id,id_specification_header, id_specification_body) VALUES (4, '12', '34') ;
INSERT INTO specification (id,id_specification_header, id_specification_body) VALUES (5, '15', '35') ;
INSERT INTO specification (id,id_specification_header, id_specification_body) VALUES (6, '26', '86') ;
INSERT INTO specification (id,id_specification_header, id_specification_body) VALUES (7, '2', '29') ;
INSERT INTO specification (id,id_specification_header, id_specification_body) VALUES (8, '1', '14') ;
INSERT INTO specification (id,id_specification_header, id_specification_body) VALUES (9, '25', '82') ;
INSERT INTO specification (id,id_specification_header, id_specification_body) VALUES (10, '26', '87') ;
INSERT INTO specification (id,id_specification_header, id_specification_body) VALUES (11, '2', '28') ;
INSERT INTO specification (id,id_specification_header, id_specification_body) VALUES (12, '1', '15') ;
INSERT INTO specification (id,id_specification_header, id_specification_body) VALUES (13, '25', '82') ;
INSERT INTO specification (id,id_specification_header, id_specification_body) VALUES (14, '24', '79') ;
INSERT INTO specification (id,id_specification_header, id_specification_body) VALUES (15, '26', '88') ;
INSERT INTO specification (id,id_specification_header, id_specification_body) VALUES (16, '2', '30') ;
INSERT INTO specification (id,id_specification_header, id_specification_body) VALUES (17, '1', '16') ;
INSERT INTO specification (id,id_specification_header, id_specification_body) VALUES (18, '25', '82') ;
INSERT INTO specification (id,id_specification_header, id_specification_body) VALUES (19, '15', '36') ;
INSERT INTO specification (id,id_specification_header, id_specification_body) VALUES (20, '26', '88') ;
INSERT INTO specification (id,id_specification_header, id_specification_body) VALUES (21, '2', '28') ;
INSERT INTO specification (id,id_specification_header, id_specification_body) VALUES (22, '1', '17') ;
INSERT INTO specification (id,id_specification_header, id_specification_body) VALUES (23, '26', '89') ;
INSERT INTO specification (id,id_specification_header, id_specification_body) VALUES (24, '2', '28') ;
INSERT INTO specification (id,id_specification_header, id_specification_body) VALUES (25, '1', '18') ;
INSERT INTO specification (id,id_specification_header, id_specification_body) VALUES (26, '25', '83') ;
INSERT INTO specification (id,id_specification_header, id_specification_body) VALUES (27, '24', '80') ;
INSERT INTO specification (id,id_specification_header, id_specification_body) VALUES (28, '26', '88') ;
INSERT INTO specification (id,id_specification_header, id_specification_body) VALUES (29, '2', '30') ;
INSERT INTO specification (id,id_specification_header, id_specification_body) VALUES (30, '1', '19') ;
INSERT INTO specification (id,id_specification_header, id_specification_body) VALUES (31, '25', '82') ;
INSERT INTO specification (id,id_specification_header, id_specification_body) VALUES (32, '24', '80') ;
INSERT INTO specification (id,id_specification_header, id_specification_body) VALUES (33, '15', '37') ;
INSERT INTO specification (id,id_specification_header, id_specification_body) VALUES (34, '26', '88') ;
INSERT INTO specification (id,id_specification_header, id_specification_body) VALUES (35, '2', '30') ;
INSERT INTO specification (id,id_specification_header, id_specification_body) VALUES (36, '1', '20') ;
INSERT INTO specification (id,id_specification_header, id_specification_body) VALUES (37, '25', '82') ;
INSERT INTO specification (id,id_specification_header, id_specification_body) VALUES (38, '26', '90') ;
INSERT INTO specification (id,id_specification_header, id_specification_body) VALUES (39, '2', '31') ;
INSERT INTO specification (id,id_specification_header, id_specification_body) VALUES (40, '25', '82') ;
INSERT INTO specification (id,id_specification_header, id_specification_body) VALUES (41, '26', '91') ;
INSERT INTO specification (id,id_specification_header, id_specification_body) VALUES (42, '2', '32') ;
INSERT INTO specification (id,id_specification_header, id_specification_body) VALUES (43, '1', '21') ;
INSERT INTO specification (id,id_specification_header, id_specification_body) VALUES (44, '25', '84') ;
INSERT INTO specification (id,id_specification_header, id_specification_body) VALUES (45, '26', '92') ;
INSERT INTO specification (id,id_specification_header, id_specification_body) VALUES (46, '2', '30') ;
INSERT INTO specification (id,id_specification_header, id_specification_body) VALUES (47, '1', '22') ;
INSERT INTO specification (id,id_specification_header, id_specification_body) VALUES (48, '25', '82') ;
INSERT INTO specification (id,id_specification_header, id_specification_body) VALUES (49, '24', '81') ;
INSERT INTO specification (id,id_specification_header, id_specification_body) VALUES (50, '26', '93') ;
INSERT INTO specification (id,id_specification_header, id_specification_body) VALUES (51, '2', '33') ;
INSERT INTO specification (id,id_specification_header, id_specification_body) VALUES (52, '26', '94') ;
INSERT INTO specification (id,id_specification_header, id_specification_body) VALUES (53, '2', '30') ;
INSERT INTO specification (id,id_specification_header, id_specification_body) VALUES (54, '1', '23') ;
INSERT INTO specification (id,id_specification_header, id_specification_body) VALUES (55, '25', '85') ;
INSERT INTO specification (id,id_specification_header, id_specification_body) VALUES (56, '26', '95') ;
INSERT INTO specification (id,id_specification_header, id_specification_body) VALUES (57, '2', '28') ;
INSERT INTO specification (id,id_specification_header, id_specification_body) VALUES (58, '1', '24') ;
INSERT INTO specification (id,id_specification_header, id_specification_body) VALUES (59, '25', '82') ;
INSERT INTO specification (id,id_specification_header, id_specification_body) VALUES (60, '15', '38') ;
INSERT INTO specification (id,id_specification_header, id_specification_body) VALUES (61, '26', '96') ;
INSERT INTO specification (id,id_specification_header, id_specification_body) VALUES (62, '2', '30') ;
INSERT INTO specification (id,id_specification_header, id_specification_body) VALUES (63, '1', '25') ;
INSERT INTO specification (id,id_specification_header, id_specification_body) VALUES (64, '25', '82') ;
INSERT INTO specification (id,id_specification_header, id_specification_body) VALUES (65, '15', '39') ;
INSERT INTO specification (id,id_specification_header, id_specification_body) VALUES (66, '26', '88') ;
INSERT INTO specification (id,id_specification_header, id_specification_body) VALUES (67, '2', '30') ;
INSERT INTO specification (id,id_specification_header, id_specification_body) VALUES (68, '1', '26') ;
INSERT INTO specification (id,id_specification_header, id_specification_body) VALUES (69, '25', '82') ;
INSERT INTO specification (id,id_specification_header, id_specification_body) VALUES (70, '24', '81') ;
INSERT INTO specification (id,id_specification_header, id_specification_body) VALUES (71, '26', '97') ;
INSERT INTO specification (id,id_specification_header, id_specification_body) VALUES (72, '2', '28') ;
INSERT INTO specification (id,id_specification_header, id_specification_body) VALUES (73, '1', '27') ;
INSERT INTO specification (id,id_specification_header, id_specification_body) VALUES (74, '25', '82') ;
INSERT INTO specification (id,id_specification_header, id_specification_body) VALUES (75, '26', '88') ;
INSERT INTO specification (id,id_specification_header, id_specification_body) VALUES (76, '2', '33') ;
INSERT INTO specification (id,id_specification_header, id_specification_body) VALUES (77, '26', '98') ;

INSERT INTO category (id, name) VALUES ('0', 'computer') ;
INSERT INTO category (id, name) VALUES ('1', 'laptop') ;
INSERT INTO category (id, name) VALUES ('2', 'keyboards') ;
INSERT INTO category (id, name) VALUES ('3', 'headphones') ;
INSERT INTO category (id, name) VALUES ('4', 'music') ;
INSERT INTO category (id, name) VALUES ('5', 'books') ;
INSERT INTO category (id, name) VALUES ('6', 'mouse') ;

INSERT INTO product (id, name, price, stock, id_category) VALUES ('1010', 'Microsoft Natural Ergonomic Keyboard 4000 UK Layout', '43.37', '211', '2') ;
INSERT INTO product (id, name, price, stock, id_category) VALUES ('1217', 'Dell KB216 USB Keyboard - Black', '14.48', '305', '2') ;
INSERT INTO product (id, name, price, stock, id_category) VALUES ('1587', 'Microsoft Sculpt Ergonomic Desktop Keyboard, Mouse and Numeric Pad Set, UK Layout - Black,L5V-00006', '70.75', '430', '2') ;
INSERT INTO product (id, name, price, stock, id_category) VALUES ('1822', 'Logitech K360 Wireless Keyboard - Black, UK layout', '29.95', '128', '2') ;
INSERT INTO product (id, name, price, stock, id_category) VALUES ('1939', 'Microsoft Surface Bluetooth Keyboard', '79.00', '397', '2') ;
INSERT INTO product (id, name, price, stock, id_category) VALUES ('1943', 'Microsoft All-in-One Media Keyboard with Integrated Track Pad - Monotone', '27.72', '466', '2') ;
INSERT INTO product (id, name, price, stock, id_category) VALUES ('1954', 'Logitech MK270 Wireless Keyboard and Mouse Combo for Windows, Long Range Wireless Connection, 2.4 GHz Wireless, Compact Mouse, Full Sized Keyboard, QWERTY UK Layout, Black', '18.98', '203', '2') ;
INSERT INTO product (id, name, price, stock, id_category) VALUES ('2311', 'Logitech 920-008091 G213 Prodigy Gaming Keyboard, RGB Backlit, Qwerty UK Layout - Black', '24.90', '31', '2') ;
INSERT INTO product (id, name, price, stock, id_category) VALUES ('2685', 'USB Keyboard Wired【Comfortable & Durable】VicTsing Full Size Keyboard with 105 Chiclet Keys Quick Responsive, Plug and Play for Laptop, PC, Computer Windows Mac etc. – UK Layout, Black', '7.99', '349', '2') ;
INSERT INTO product (id, name, price, stock, id_category) VALUES ('3445', 'TeckNet Bluetooth Ultra-Slim Wireless Keyboard with Built-in Li-polymer Rechargeable Battery for All iOS, Mac, iPad, Windows and Android 3.0 and above OS', '11.99', '294', '2') ;
INSERT INTO product (id, name, price, stock, id_category) VALUES ('360', 'Logitech K400 Plus Wireless Touch Keyboard for Windows, Android and Chrome - QWERTY, UK Layout, Black', '19.99', '415', '2') ;
INSERT INTO product (id, name, price, stock, id_category) VALUES ('3905', 'Perixx PERIBOARD-512 Ergonomic Split Keyboard - Natural Ergonomic Design - 485x236x44mm - Black - UK Layout', '24.99', '247', '2') ;
INSERT INTO product (id, name, price, stock, id_category) VALUES ('4067', 'Logitech K780 Multi-Device Wireless USB, Bluetooth Keyboard, Wireless Keyboard for Windows, Mac, Chrome OS, iOS, Android, Switch Between Devices, Quiet Keyboard, QWERTY UK Layout, Dark Gray/White', '50.00', '121', '2') ;
INSERT INTO product (id, name, price, stock, id_category) VALUES ('4308', 'Microsoft Wired Keyboard 600, UK Layout - Black', '10.48', '216', '2') ;
INSERT INTO product (id, name, price, stock, id_category) VALUES ('4425', 'Logitech K120 Business Keyboard for Windows and Linux - QWERTY, UK Layout', '7.96', '301', '2') ;
INSERT INTO product (id, name, price, stock, id_category) VALUES ('4759', 'Logitech K380 Multi-Device Bluetooth Keyboard for Windows, Mac, Chrome, Android, iOS and Apple TV - QWERTY, UK Layout, Black', '24.99', '214', '2') ;
INSERT INTO product (id, name, price, stock, id_category) VALUES ('4762', 'Microsoft Wireless Desktop 2000 Keyboard and Mouse Set, UK Layout - Black', '30.24', '5', '2') ;
INSERT INTO product (id, name, price, stock, id_category) VALUES ('750', 'Perixx PERIBOARD-409U Mini Wired Keyboard - USB - 315x147x21mm - UK Layout', '9.99', '311', '2') ;
